iso_code,country,year,population,gdp,region,income group,co2,share_global_co2,co2_per_gdp,cement_co2,coal_co2,flaring_co2,gas_co2,oil_co2,methane,nitrous_oxide,primary_energy_consumption
PHL,Philippines,1907,7336744,7649266176,South East Asia,Lower middle income,0.007,0,0.001,0,0.007,0,0,0,,,
PHL,Philippines,1908,7478697,8094969856,South East Asia,Lower middle income,0.018,0.001,0.002,0,0.018,0,0,0,,,
PHL,Philippines,1909,7623488,8241911808,South East Asia,Lower middle income,0.055,0.002,0.007,0,0.055,0,0,0,,,
PHL,Philippines,1910,7771117,9481270272,South East Asia,Lower middle income,0.051,0.002,0.005,0,0.051,0,0,0,,,
PHL,Philippines,1911,7919657,10088743936,South East Asia,Lower middle income,0.037,0.001,0.004,0,0.037,0,0,0,,,
PHL,Philippines,1912,8073434,10273896448,South East Asia,Lower middle income,0.004,0,0,0,0.004,0,0,0,,,
PHL,Philippines,1913,8230169,11354640384,South East Asia,Lower middle income,0.007,0,0.001,0,0.007,0,0,0,,,
PHL,Philippines,1914,8389864,11143225344,South East Asia,Lower middle income,0.018,0.001,0.002,0,0.018,0,0,0,,,
PHL,Philippines,1915,8552519,10441179136,South East Asia,Lower middle income,0.055,0.002,0.005,0,0.055,0,0,0,,,
PHL,Philippines,1916,8718135,12202636288,South East Asia,Lower middle income,0.051,0.002,0.004,0,0.051,0,0,0,,,
PHL,Philippines,1917,8887007,14229839872,South East Asia,Lower middle income,0.011,0,0.001,0,0.011,0,0,0,,,
PHL,Philippines,1918,9057743,16248401920,South East Asia,Lower middle income,0.029,0.001,0.002,0,0.029,0,0,0,,,
PHL,Philippines,1919,9232329,15614648320,South East Asia,Lower middle income,0.059,0.002,0.004,0,0.059,0,0,0,,,
PHL,Philippines,1920,9410425,16924050432,South East Asia,Lower middle income,0.103,0.003,0.006,0,0.103,0,0,0,,,
PHL,Philippines,1921,9592031,16529183744,South East Asia,Lower middle income,0.07,0.002,0.004,0,0.07,0,0,0,,,
PHL,Philippines,1922,9777145,18519666688,South East Asia,Lower middle income,0.077,0.002,0.004,0,0.077,0,0,0,,,
PHL,Philippines,1923,9965769,17377740800,South East Asia,Lower middle income,0.077,0.002,0.004,0,0.077,0,0,0,,,
PHL,Philippines,1924,10157902,18963126272,South East Asia,Lower middle income,0.084,0.002,0.004,0,0.084,0,0,0,,,
PHL,Philippines,1925,10353252,19115999232,South East Asia,Lower middle income,0.084,0.002,0.004,0,0.084,0,0,0,,,
PHL,Philippines,1926,10566148,20071393280,South East Asia,Lower middle income,0.051,0.001,0.003,0,0.051,0,0,0,,,
PHL,Philippines,1927,10783431,20573960192,South East Asia,Lower middle income,0.04,0.001,0.002,0,0.04,0,0,0,,,
PHL,Philippines,1928,11036099,21373272064,South East Asia,Lower middle income,0.081,0.002,0.004,0.033,0.048,0,0,0,,,
PHL,Philippines,1929,11296078,22286809088,South East Asia,Lower middle income,0.07,0.002,0.003,0.037,0.029,0,0,0,,,
PHL,Philippines,1930,11577990,22311053312,South East Asia,Lower middle income,0.088,0.002,0.004,0.051,0.037,0,0,0,,,
PHL,Philippines,1931,11852591,22489155584,South East Asia,Lower middle income,0.081,0.002,0.004,0.048,0.033,0,0,0,,,
PHL,Philippines,1932,12134503,23495471104,South East Asia,Lower middle income,0.088,0.003,0.004,0.059,0.033,0,0,0,,,
PHL,Philippines,1933,12424019,23714650112,South East Asia,Lower middle income,0.077,0.002,0.003,0.048,0.029,0,0,0,,,
PHL,Philippines,1934,12720553,23920050176,South East Asia,Lower middle income,0.088,0.002,0.004,0.048,0.04,0,0,0,,,
PHL,Philippines,1935,13024983,22309029888,South East Asia,Lower middle income,0.099,0.003,0.004,0.055,0.044,0,0,0,,,
PHL,Philippines,1936,13336724,25367130112,South East Asia,Lower middle income,0.121,0.003,0.005,0.066,0.055,0,0,0,,,
PHL,Philippines,1937,13655776,27204124672,South East Asia,Lower middle income,0.121,0.003,0.004,0.073,0.048,0,0,0,,,
PHL,Philippines,1938,13970441,28091641856,South East Asia,Lower middle income,0.158,0.004,0.006,0.084,0.073,0,0,0,,,
PHL,Philippines,1939,14269315,30043650048,South East Asia,Lower middle income,0.084,0.002,0.003,0,0.084,0,0,0,,,
PHL,Philippines,1940,14552397,30599325696,South East Asia,Lower middle income,0.114,0.002,0.004,0,0.114,0,0,0,,,
PHL,Philippines,1941,14813838,,South East Asia,Lower middle income,0.092,0.002,,0.092,0,0,0,0,,,
PHL,Philippines,1945,16052029,,South East Asia,Lower middle income,0.015,0,,0.015,0,0,0,0,,,
PHL,Philippines,1946,16476360,14851024896,South East Asia,Lower middle income,0.114,0.002,0.008,0.029,0.084,0,0,0,,,
PHL,Philippines,1947,16970584,20710998016,South East Asia,Lower middle income,0.198,0.004,0.01,0.066,0.132,0,0,0,,,
PHL,Philippines,1948,17479720,24200370176,South East Asia,Lower middle income,0.216,0.004,0.009,0.059,0.158,0,0,0,,,
PHL,Philippines,1949,18004144,25727064064,South East Asia,Lower middle income,0.319,0.006,0.012,0.099,0.22,0,0,0,,,
PHL,Philippines,1950,18580000,27681609728,South East Asia,Lower middle income,3.605,0.062,0.13,0.147,0.183,0,0,3.276,,,
PHL,Philippines,1951,19247000,28329275392,South East Asia,Lower middle income,3.554,0.057,0.125,0.154,0.172,0,0,3.228,,,
PHL,Philippines,1952,19945000,31010697216,South East Asia,Lower middle income,4.052,0.064,0.131,0.154,0.147,0,0,3.752,,,
PHL,Philippines,1953,20670000,34867974144,South East Asia,Lower middle income,4.034,0.062,0.116,0.147,0.176,0,0,3.712,,,
PHL,Philippines,1954,21415000,37408391168,South East Asia,Lower middle income,5.331,0.08,0.143,0.154,0.136,0,0,5.042,,,
PHL,Philippines,1955,22177000,40316026880,South East Asia,Lower middle income,6.617,0.091,0.164,0.198,0.154,0,0,6.269,,,
PHL,Philippines,1956,22956000,41620144128,South East Asia,Lower middle income,6.254,0.081,0.15,0.216,0.18,0,0,5.855,,,
PHL,Philippines,1957,23752000,44504903680,South East Asia,Lower middle income,6.731,0.085,0.151,0.253,0.216,0,0,6.262,,,
PHL,Philippines,1958,24567000,46318706688,South East Asia,Lower middle income,7.562,0.092,0.163,0.319,0.132,0,0,7.112,,,
PHL,Philippines,1959,25406000,51023454208,South East Asia,Lower middle income,7.226,0.08,0.142,0.363,0.169,0,0,6.698,,,
PHL,Philippines,1960,26270000,50753089536,South East Asia,Lower middle income,8.325,0.088,0.164,0.392,0.18,,,7.753,,,
PHL,Philippines,1961,27161000,53467381760,South East Asia,Lower middle income,8.713,0.092,0.163,0.505,0.18,,,8.028,,,
PHL,Philippines,1962,28077000,57738801152,South East Asia,Lower middle income,10.336,0.105,0.179,0.476,0.213,,,9.647,,,
PHL,Philippines,1963,29013000,61451444224,South East Asia,Lower middle income,11.472,0.111,0.187,0.469,0.202,,,10.802,,,
PHL,Philippines,1964,29959000,62669520896,South East Asia,Lower middle income,12.823,0.117,0.205,0.592,0.15,,,12.08,,,
PHL,Philippines,1965,30910000,65571229696,South East Asia,Lower middle income,13.965,0.122,0.213,0.756,0.15,,,13.058,,,52.203
PHL,Philippines,1966,31864000,68539392000,South East Asia,Lower middle income,16.104,0.134,0.235,0.796,0.136,,,15.173,,,56.789
PHL,Philippines,1967,32824000,70607929344,South East Asia,Lower middle income,18.209,0.146,0.258,1.043,0.106,,,17.06,,,64.34
PHL,Philippines,1968,33795000,75397677056,South East Asia,Lower middle income,22.223,0.17,0.295,1.268,0.088,,,20.866,,,71.838
PHL,Philippines,1969,34786000,79514836992,South East Asia,Lower middle income,22.829,0.165,0.287,1.457,0.077,,,21.295,,,77.155
PHL,Philippines,1970,35804000,84774387712,South East Asia,Lower middle income,24.751,0.167,0.292,1.21,0.084,,,23.457,,,89.364
PHL,Philippines,1971,36850000,89961267200,South East Asia,Lower middle income,27.552,0.179,0.306,1.541,0.077,,,25.934,,,103.448
PHL,Philippines,1972,37923000,95180496896,South East Asia,Lower middle income,26.409,0.165,0.277,1.436,0.077,,,24.897,,,100.887
PHL,Philippines,1973,39023000,103000000000,South East Asia,Lower middle income,31.501,0.186,0.306,2.006,0.062,,,29.433,,,118.796
PHL,Philippines,1974,40144000,109000000000,South East Asia,Lower middle income,30.492,0.18,0.28,1.73,0.114,,,28.649,,,112.473
PHL,Philippines,1975,41286000,119000000000,South East Asia,Lower middle income,32.482,0.193,0.273,2.108,0.15,,,30.224,,,121.113
PHL,Philippines,1976,42447000,126000000000,South East Asia,Lower middle income,35.066,0.197,0.278,2.208,0.172,,,32.687,,,125.454
PHL,Philippines,1977,43629000,131000000000,South East Asia,Lower middle income,36.676,0.2,0.28,2.044,0.722,,,33.91,,,135.474
PHL,Philippines,1978,44838000,139000000000,South East Asia,Lower middle income,37.38,0.201,0.269,2.096,0.883,,,34.402,,,141.666
PHL,Philippines,1979,46080000,141000000000,South East Asia,Lower middle income,38.031,0.194,0.27,1.893,1.099,,,35.039,,,147.302
PHL,Philippines,1980,47358000,155000000000,South East Asia,Lower middle income,36.869,0.19,0.238,2.13,1.348,,,33.39,,,144.502
PHL,Philippines,1981,48673000,163000000000,South East Asia,Lower middle income,34.528,0.184,0.212,1.93,1.294,,,31.305,,,143.568
PHL,Philippines,1982,50024000,172000000000,South East Asia,Lower middle income,34.839,0.187,0.203,2.038,1.608,,,31.192,,,139.669
PHL,Philippines,1983,51409000,174000000000,South East Asia,Lower middle income,35.239,0.19,0.203,2.036,2.198,,,31.005,,,148.034
PHL,Philippines,1984,52827000,162000000000,South East Asia,Lower middle income,30.831,0.16,0.19,1.684,3.561,,,25.586,,,136.48
PHL,Philippines,1985,54276000,155000000000,South East Asia,Lower middle income,27.899,0.141,0.18,1.408,3.638,,,22.852,,,131.677
PHL,Philippines,1986,55755000,165000000000,South East Asia,Lower middle income,29.025,0.142,0.176,1.607,2.931,,,24.486,,,133.714
PHL,Philippines,1987,57264000,181000000000,South East Asia,Lower middle income,32.496,0.155,0.18,1.495,3.455,,,27.546,,,145.531
PHL,Philippines,1988,58795000,201000000000,South East Asia,Lower middle income,37.485,0.173,0.186,1.827,3.936,,,31.722,,,160.39
PHL,Philippines,1989,60341000,220000000000,South East Asia,Lower middle income,38.907,0.176,0.177,1.603,3.33,,,33.973,,,173.581
PHL,Philippines,1990,61895000,240000000000,South East Asia,Lower middle income,41.349,0.186,0.172,2.79,3.605,,,34.955,45.98,9.06,180.451
PHL,Philippines,1991,63455000,246000000000,South East Asia,Lower middle income,43.471,0.194,0.177,3.021,4.129,,,36.321,47.08,8.48,174.953
PHL,Philippines,1992,65020000,257000000000,South East Asia,Lower middle income,48.294,0.218,0.188,2.904,4.225,,,41.164,45.43,8.88,203.404
PHL,Philippines,1993,66594000,272000000000,South East Asia,Lower middle income,48.929,0.221,0.18,3.455,4.192,,,41.282,46.7,9.37,210.32
PHL,Philippines,1994,68181000,304000000000,South East Asia,Lower middle income,54.123,0.24,0.178,4.139,4.181,,0.011,45.793,50.19,9.6,223.237
PHL,Philippines,1995,69784000,336000000000,South East Asia,Lower middle income,59.949,0.261,0.178,4.545,4.693,,0.015,50.696,51.89,9.76,248.859
PHL,Philippines,1996,71402000,368000000000,South East Asia,Lower middle income,61.254,0.26,0.166,5.334,5.903,,0.018,49.999,54.04,10.52,267.545
PHL,Philippines,1997,73031000,367000000000,South East Asia,Lower middle income,70.063,0.293,0.191,6.28,6.789,,0.011,56.982,54,11.22,288.161
PHL,Philippines,1998,74672000,337000000000,South East Asia,Lower middle income,68.253,0.285,0.203,5.492,6.859,,0.018,55.883,49.07,10.29,292.534
PHL,Philippines,1999,76326000,328000000000,South East Asia,Lower middle income,68.177,0.285,0.208,5.331,11.874,,0.015,50.956,56.38,10.95,297.365
PHL,Philippines,2000,77992000,339000000000,South East Asia,Lower middle income,72.346,0.295,0.213,5.057,16.302,,0.018,50.969,57.23,11.14,296.492
PHL,Philippines,2001,79673000,342000000000,South East Asia,Lower middle income,70.305,0.28,0.206,3.624,16.364,,0.26,50.056,57.97,11.38,292.677
PHL,Philippines,2002,81365000,348000000000,South East Asia,Lower middle income,70.155,0.275,0.202,5.552,14.298,,3.265,47.041,58.6,11.25,291.096
PHL,Philippines,2003,83052000,358000000000,South East Asia,Lower middle income,70.215,0.261,0.196,5.358,14.858,,4.976,45.023,58.84,12.18,301.792
PHL,Philippines,2004,84711000,370000000000,South East Asia,Lower middle income,72.771,0.258,0.197,5.415,16.099,,4.759,46.498,60.4,12.74,312.105
PHL,Philippines,2005,86326000,384000000000,South East Asia,Lower middle income,73.271,0.25,0.191,6.22,18.774,,6.302,41.975,60.37,12.36,311.166
PHL,Philippines,2006,87889000,406000000000,South East Asia,Lower middle income,66.522,0.22,0.164,4.879,17.781,,5.21,38.652,60.83,11.79,301.961
PHL,Philippines,2007,89405000,438000000000,South East Asia,Lower middle income,70.764,0.229,0.162,5.156,21.889,,7.079,36.64,62.05,12.28,314.613
PHL,Philippines,2008,90902000,467000000000,South East Asia,Lower middle income,77.3,0.243,0.166,5.167,25.455,,7.449,39.229,63.39,11.63,325.404
PHL,Philippines,2009,92414000,488000000000,South East Asia,Lower middle income,76.493,0.243,0.157,5.671,24.662,,7.504,38.655,64.19,11.92,329.707
PHL,Philippines,2010,93967000,537000000000,South East Asia,Lower middle income,82.951,0.251,0.154,6.055,28.231,,7.068,41.597,63.02,13.03,340.244
PHL,Philippines,2011,95570000,586000000000,South East Asia,Lower middle income,83.744,0.244,0.143,6.115,31.017,,7.629,38.983,63.81,12.35,347.27
PHL,Philippines,2012,97213000,609000000000,South East Asia,Lower middle income,88.407,0.253,0.145,7.216,32.445,,7.313,41.432,65.06,12.1,359.183
PHL,Philippines,2013,98872000,662000000000,South East Asia,Lower middle income,95.869,0.272,0.145,7.714,40.026,,6.738,41.392,65.77,12.52,385.515
PHL,Philippines,2014,100513000,694000000000,South East Asia,Lower middle income,101.97,0.287,0.147,8.153,42.73,,7.086,44.001,66.05,13.08,405.86
PHL,Philippines,2015,102113000,735000000000,South East Asia,Lower middle income,114.245,0.322,0.155,9.206,46.419,,6.661,51.959,65.75,12.76,445.215
PHL,Philippines,2016,103664000,785000000000,South East Asia,Lower middle income,119.298,0.334,0.152,9.569,45.954,,7.632,56.144,65.47,13.45,486.506
PHL,Philippines,2017,105173000,,South East Asia,Lower middle income,131.024,0.362,,9.569,54.341,,7.561,59.553,,,
PHL,Philippines,2018,"106,651,000.00",,South East Asia,Lower middle income,135.069,0.369,,9.569,57.153,,8.191,60.156,,,
SGP,Singapore,1957,1440000,2838498048,South East Asia,High income,1.729,0.022,0.609,0,0.128,0,0,1.605,,,
SGP,Singapore,1958,1508000,2987873024,South East Asia,High income,2.297,0.028,0.769,0,0.051,0,0,2.246,,,
SGP,Singapore,1959,1572000,3508857088,South East Asia,High income,1.799,0.02,0.513,0,0.037,0,0,1.762,,,
SGP,Singapore,1960,1633000,3892790016,South East Asia,High income,1.392,0.015,0.358,,0.011,,,1.381,,,
SGP,Singapore,1961,1690000,4210747904,South East Asia,High income,2.092,0.022,0.497,,0.007,,,2.085,,,
SGP,Singapore,1962,1741000,4509749760,South East Asia,High income,2.575,0.026,0.571,0.062,0.029,,,2.484,,,
SGP,Singapore,1963,1789000,4961379840,South East Asia,High income,3.396,0.033,0.684,0.094,0.022,,,3.279,,,
SGP,Singapore,1964,1835000,4779990016,South East Asia,High income,3.7,0.034,0.774,0.098,0.022,,,3.58,,,
SGP,Singapore,1965,1878000,5142074880,South East Asia,High income,2.527,0.022,0.491,0.102,0.011,,,2.415,,,47.888
SGP,Singapore,1966,1919000,5699497984,South East Asia,High income,0.673,0.006,0.118,0.194,0.015,,,0.464,,,54.744
SGP,Singapore,1967,1959000,6402785792,South East Asia,High income,3.054,0.025,0.477,0.233,0.007,,,2.814,,,65.756
SGP,Singapore,1968,1997000,7273379840,South East Asia,High income,5.413,0.041,0.744,0.28,0.022,,,5.112,,,81.735
SGP,Singapore,1969,2035000,8272107008,South East Asia,High income,7.197,0.052,0.87,0.309,0.007,,,6.881,,,80.319
SGP,Singapore,1970,2072000,9420499968,South East Asia,High income,18.192,0.123,1.931,0.36,0.011,,,17.822,,,87.205
SGP,Singapore,1971,2111000,10558660608,South East Asia,High income,16.577,0.108,1.57,0.302,0.015,,,16.261,,,75.698
SGP,Singapore,1972,2150000,11982336000,South East Asia,High income,22.218,0.139,1.854,0.498,0.011,,,21.709,,,94.788
SGP,Singapore,1973,2190000,13318088704,South East Asia,High income,21.199,0.125,1.592,0.509,0.015,,,20.676,,,89.327
SGP,Singapore,1974,2226000,14182800384,South East Asia,High income,21.947,0.13,1.547,0.52,0.018,,,21.409,,,88.059
SGP,Singapore,1975,2260000,14836228096,South East Asia,High income,24.518,0.146,1.653,0.654,0.004,,,23.86,,,85.986
SGP,Singapore,1976,2289000,15934057472,South East Asia,High income,29.999,0.169,1.883,0.661,0.011,,,29.327,,,101.992
SGP,Singapore,1977,2315000,17128274944,South East Asia,High income,28.265,0.154,1.65,0.653,0.015,,,27.597,,,102.375
SGP,Singapore,1978,2341000,18624847872,South East Asia,High income,33.108,0.178,1.778,0.645,0.015,,,32.448,,,105.374
SGP,Singapore,1979,2373000,20378431488,South East Asia,High income,36.057,0.184,1.769,0.637,0.004,,,35.416,,,112.333
SGP,Singapore,1980,2412000,22418817024,South East Asia,High income,31.343,0.162,1.398,0.91,0.011,,,30.422,,,111.571
SGP,Singapore,1981,2461000,24810045440,South East Asia,High income,26.741,0.142,1.078,1.034,0.018,,,25.688,,,128.36
SGP,Singapore,1982,2518000,26594256896,South East Asia,High income,29.606,0.159,1.113,1.224,0.007,,,28.374,,,124.894
SGP,Singapore,1983,2581000,28861036544,South East Asia,High income,34.81,0.188,1.206,1.413,0.011,,,33.386,,,132.312
SGP,Singapore,1984,2644000,31401863168,South East Asia,High income,33.217,0.173,1.058,1.248,0.022,,,31.947,,,139.103
SGP,Singapore,1985,2706000,31190499328,South East Asia,High income,33.267,0.168,1.067,0.87,0.044,,,32.353,,,141.894
SGP,Singapore,1986,2762000,31602999296,South East Asia,High income,34.877,0.171,1.104,0.776,0.026,,,34.075,,,164.708
SGP,Singapore,1987,2817000,35007373312,South East Asia,High income,32.461,0.155,0.927,0.65,0.04,,,31.77,,,173.189
SGP,Singapore,1988,2873000,38889295872,South East Asia,High income,35.949,0.166,0.924,0.669,0.048,,,35.233,,,200.382
SGP,Singapore,1989,2937000,42855505920,South East Asia,High income,41.709,0.188,0.973,0.705,0.044,,,40.96,,,228.49
SGP,Singapore,1990,3013000,47155372032,South East Asia,High income,44.291,0.2,0.939,0.755,0.077,,,43.459,1.26,0.2,273.056
SGP,Singapore,1991,3101000,50309070848,South East Asia,High income,45.049,0.201,0.895,0.814,0.044,,,44.192,1.26,1.82,278.178
SGP,Singapore,1992,3200000,53877030912,South East Asia,High income,48.213,0.217,0.895,0.771,0.066,,0.916,46.46,1.32,3.46,298.45
SGP,Singapore,1993,3306000,60086878208,South East Asia,High income,50.871,0.23,0.847,1.209,0.073,,2.726,46.863,1.38,5.09,326.075
SGP,Singapore,1994,3416000,66654289920,South East Asia,High income,61.345,0.272,0.92,1.259,0.088,,3.25,56.748,1.44,6.74,372.946
SGP,Singapore,1995,3526000,71350697984,South East Asia,High income,41.842,0.182,0.586,1.296,0.04,,3.382,37.124,1.5,8.38,388.815
SGP,Singapore,1996,3638000,76705218560,South East Asia,High income,49.349,0.21,0.643,1.336,,,3.016,44.997,1.54,8.59,392.363
SGP,Singapore,1997,3752000,90174627840,South East Asia,High income,58.072,0.243,0.644,1.335,,,2.975,53.762,1.59,8.8,412.698
SGP,Singapore,1998,3861000,112000000000,South East Asia,High income,48.356,0.202,0.432,0.944,,,3.257,44.155,1.63,9.02,418.418
SGP,Singapore,1999,3955000,117000000000,South East Asia,High income,49.871,0.208,0.426,0.67,,,2.653,46.548,1.67,9.24,414.247
SGP,Singapore,2000,4029000,160000000000,South East Asia,High income,48.856,0.199,0.305,0.462,,,2.708,45.686,1.71,9.52,442.946
SGP,Singapore,2001,4077000,148000000000,South East Asia,High income,49.442,0.197,0.334,0.242,,,4.089,45.112,1.82,9.21,502.903
SGP,Singapore,2002,4104000,165000000000,South East Asia,High income,47.173,0.185,0.286,0.079,,,6.636,40.458,1.93,8.91,494.058
SGP,Singapore,2003,4129000,153000000000,South East Asia,High income,31.093,0.116,0.203,0.058,0.033,,10.263,20.738,2.04,8.65,466.805
SGP,Singapore,2004,4177000,184000000000,South East Asia,High income,28.451,0.101,0.155,,0.04,,12.098,16.312,2.15,8.36,522.509
SGP,Singapore,2005,4266000,223000000000,South East Asia,High income,30.334,0.104,0.136,,0.011,,12.747,17.576,2.26,8.04,548.97
SGP,Singapore,2006,4402000,270000000000,South East Asia,High income,30.774,0.102,0.114,,0.015,,13.747,17.012,2.44,7.84,604.076
SGP,Singapore,2007,4579000,295000000000,South East Asia,High income,19.91,0.064,0.067,,0.026,,14.725,5.16,2.61,7.6,648.577
SGP,Singapore,2008,4776000,249000000000,South East Asia,High income,36.105,0.113,0.145,,0.018,,15.07,21.017,2.79,7.38,690.032
SGP,Singapore,2009,4967000,258000000000,South East Asia,High income,58.595,0.186,0.227,,0.015,,15.235,43.345,2.96,7.15,742.113
SGP,Singapore,2010,5131000,318000000000,South East Asia,High income,58.272,0.176,0.183,,0.026,,16.51,41.737,3.14,7.03,797.55
SGP,Singapore,2011,5264000,324000000000,South East Asia,High income,46.723,0.136,0.144,,0.026,,16.675,30.023,3.28,7.34,829.226
SGP,Singapore,2012,5369000,331000000000,South East Asia,High income,49.951,0.143,0.151,,0.103,,18.082,31.767,3.42,7.57,832.736
SGP,Singapore,2013,5454000,337000000000,South East Asia,High income,56.067,0.159,0.166,,1.136,,20.335,34.596,3.56,7.9,855.983
SGP,Singapore,2014,5526000,374000000000,South East Asia,High income,56.598,0.159,0.151,,1.674,,21.046,33.877,3.7,8.18,881.648
SGP,Singapore,2015,5592000,381000000000,South East Asia,High income,61.401,0.173,0.161,,1.751,,21.394,38.256,3.84,8.63,937.46
SGP,Singapore,2016,5654000,388000000000,South East Asia,High income,37.505,0.105,0.097,,1.832,,19.833,15.84,3.94,9.02,974.975
SGP,Singapore,2017,5708000,,South East Asia,High income,40.576,0.112,,,3.863,,20.476,16.238,,,
SGP,Singapore,2018,5758000,,South East Asia,High income,40.862,0.112,,,3.925,,20.473,16.464,,,